{"cameraMode":{"drawMode":0,"name":"Shaded","section":"Shading Mode"},"sceneLighting":true,"audioPlay":false,"sceneViewState":{"m_AlwaysRefresh":false,"showFog":true,"showSkybox":true,"showFlares":true,"showImageEffects":true,"showParticleSystems":true,"showVisualEffectGraphs":true,"m_FxEnabled":true},"in2DMode":false,"pivot":{"x":-0.14232373237609864,"y":1.0203969478607178,"z":1.677551507949829},"rotation":{"x":-0.2032976746559143,"y":-0.6333773136138916,"z":0.17754879593849183,"w":-0.7252144813537598},"size":2.1635000705718996,"orthographic":false}